0.000000e+00, 9.996705e+03, 9.993410e+03, 3.295027e+03, 3.448245e-01, 6.896490e-01, -3.448245e+02
1.000000e-03, 9.992410e+03, 9.984819e+03, 7.590346e+03, 1.253789e+00, 2.507579e+00, -1.253789e+03
2.000000e-03, 9.991169e+03, 9.982338e+03, 8.830929e+03, 2.135302e+00, 4.270605e+00, -2.135302e+03
3.000000e-03, 9.990896e+03, 9.981792e+03, 9.103862e+03, 2.586746e+00, 5.173493e+00, -2.586746e+03
4.000000e-03, 9.990872e+03, 9.981743e+03, 9.128389e+03, 2.767956e+00, 5.535912e+00, -2.767956e+03
5.000000e-03, 9.990889e+03, 9.981778e+03, 9.111195e+03, 2.828965e+00, 5.657931e+00, -2.828965e+03
6.000000e-03, 9.990903e+03, 9.981805e+03, 9.097312e+03, 2.845996e+00, 5.691991e+00, -2.845996e+03
7.000000e-03, 9.990909e+03, 9.981819e+03, 9.090548e+03, 2.849497e+00, 5.698993e+00, -2.849497e+03
8.000000e-03, 9.990912e+03, 9.981824e+03, 9.087914e+03, 2.849677e+00, 5.699354e+00, -2.849677e+03
9.000000e-03, 9.990913e+03, 9.981826e+03, 9.087052e+03, 2.849371e+00, 5.698742e+00, -2.849371e+03
1.000000e-02, 9.990913e+03, 9.981826e+03, 9.086820e+03, 2.849155e+00, 5.698309e+00, -2.849155e+03
1.100000e-02, 9.990913e+03, 9.981826e+03, 9.086776e+03, 2.849054e+00, 5.698108e+00, -2.849054e+03
1.200000e-02, 9.990913e+03, 9.981826e+03, 9.086776e+03, 2.849016e+00, 5.698032e+00, -2.849016e+03
1.300000e-02, 9.990913e+03, 9.981826e+03, 9.086781e+03, 2.849004e+00, 5.698007e+00, -2.849004e+03
1.400000e-02, 9.990913e+03, 9.981826e+03, 9.086784e+03, 2.849001e+00, 5.698001e+00, -2.849001e+03
1.500000e-02, 9.990913e+03, 9.981826e+03, 9.086786e+03, 2.849000e+00, 5.698000e+00, -2.849000e+03
1.600000e-02, 9.990913e+03, 9.981826e+03, 9.086786e+03, 2.849000e+00, 5.698000e+00, -2.849000e+03
1.700000e-02, 9.990913e+03, 9.981826e+03, 9.086787e+03, 2.849000e+00, 5.698000e+00, -2.849000e+03
1.800000e-02, 9.990913e+03, 9.981826e+03, 9.086787e+03, 2.849000e+00, 5.698000e+00, -2.849000e+03
1.900000e-02, 9.990913e+03, 9.981826e+03, 9.086787e+03, 2.849000e+00, 5.698000e+00, -2.849000e+03
2.000000e-02, 9.990913e+03, 9.981826e+03, 9.086787e+03, 2.849000e+00, 5.698000e+00, -2.849000e+03
2.100000e-02, 9.990913e+03, 9.981826e+03, 9.086787e+03, 2.849000e+00, 5.698000e+00, -2.849000e+03
2.200000e-02, 9.990913e+03, 9.981826e+03, 9.086787e+03, 2.849000e+00, 5.698000e+00, -2.849000e+03
2.300000e-02, 9.990913e+03, 9.981826e+03, 9.086787e+03, 2.849000e+00, 5.698000e+00, -2.849000e+03
2.400000e-02, 9.990913e+03, 9.981826e+03, 9.086787e+03, 2.849000e+00, 5.698000e+00, -2.849000e+03
2.500000e-02, 9.990913e+03, 9.981826e+03, 9.086787e+03, 2.849000e+00, 5.698000e+00, -2.849000e+03
2.600000e-02, 9.990913e+03, 9.981826e+03, 9.086787e+03, 2.849000e+00, 5.698000e+00, -2.849000e+03
2.700000e-02, 9.990913e+03, 9.981826e+03, 9.086787e+03, 2.849000e+00, 5.698000e+00, -2.849000e+03
2.800000e-02, 9.990913e+03, 9.981826e+03, 9.086787e+03, 2.849000e+00, 5.698000e+00, -2.849000e+03
2.900000e-02, 9.990913e+03, 9.981826e+03, 9.086787e+03, 2.849000e+00, 5.698000e+00, -2.849000e+03
3.000000e-02, 9.990913e+03, 9.981826e+03, 9.086787e+03, 2.849000e+00, 5.698000e+00, -2.849000e+03
3.100000e-02, 9.990913e+03, 9.981826e+03, 9.086787e+03, 2.849000e+00, 5.698000e+00, -2.849000e+03
3.200000e-02, 9.990913e+03, 9.981826e+03, 9.086787e+03, 2.849000e+00, 5.698000e+00, -2.849000e+03
3.300000e-02, 9.990913e+03, 9.981826e+03, 9.086787e+03, 2.849000e+00, 5.698000e+00, -2.849000e+03
3.400000e-02, 9.990913e+03, 9.981826e+03, 9.086787e+03, 2.849000e+00, 5.698000e+00, -2.849000e+03
3.500000e-02, 9.990913e+03, 9.981826e+03, 9.086787e+03, 2.849000e+00, 5.698000e+00, -2.849000e+03
3.600000e-02, 9.990913e+03, 9.981826e+03, 9.086787e+03, 2.849000e+00, 5.698000e+00, -2.849000e+03
3.700000e-02, 9.990913e+03, 9.981826e+03, 9.086787e+03, 2.849000e+00, 5.698000e+00, -2.849000e+03
3.800000e-02, 9.990913e+03, 9.981826e+03, 9.086787e+03, 2.849000e+00, 5.698000e+00, -2.849000e+03
3.900000e-02, 9.990913e+03, 9.981826e+03, 9.086787e+03, 2.849000e+00, 5.698000e+00, -2.849000e+03
4.000000e-02, 9.990913e+03, 9.981826e+03, 9.086787e+03, 2.849000e+00, 5.698000e+00, -2.849000e+03
4.100000e-02, 9.990913e+03, 9.981826e+03, 9.086787e+03, 2.849000e+00, 5.698000e+00, -2.849000e+03
4.200000e-02, 9.990913e+03, 9.981826e+03, 9.086787e+03, 2.849000e+00, 5.698000e+00, -2.849000e+03
4.300000e-02, 9.990913e+03, 9.981826e+03, 9.086787e+03, 2.849000e+00, 5.698000e+00, -2.849000e+03
4.400000e-02, 9.990913e+03, 9.981826e+03, 9.086787e+03, 2.849000e+00, 5.698000e+00, -2.849000e+03
4.500000e-02, 9.990913e+03, 9.981826e+03, 9.086787e+03, 2.849000e+00, 5.698000e+00, -2.849000e+03
4.600000e-02, 9.990913e+03, 9.981826e+03, 9.086787e+03, 2.849000e+00, 5.698000e+00, -2.849000e+03
4.700000e-02, 9.990913e+03, 9.981826e+03, 9.086787e+03, 2.849000e+00, 5.698000e+00, -2.849000e+03
4.800000e-02, 9.990913e+03, 9.981826e+03, 9.086787e+03, 2.849000e+00, 5.698000e+00, -2.849000e+03
4.900000e-02, 9.990913e+03, 9.981826e+03, 9.086787e+03, 2.849000e+00, 5.698000e+00, -2.849000e+03
5.000000e-02, 9.990913e+03, 9.981826e+03, 9.086787e+03, 2.849000e+00, 5.698000e+00, -2.849000e+03
5.100000e-02, 9.990913e+03, 9.981826e+03, 9.086787e+03, 2.849000e+00, 5.698000e+00, -2.849000e+03
5.200000e-02, 9.990913e+03, 9.981826e+03, 9.086787e+03, 2.849000e+00, 5.698000e+00, -2.849000e+03
5.300000e-02, 9.990913e+03, 9.981826e+03, 9.086787e+03, 2.849000e+00, 5.698000e+00, -2.849000e+03
5.400000e-02, 9.990913e+03, 9.981826e+03, 9.086787e+03, 2.849000e+00, 5.698000e+00, -2.849000e+03
5.500000e-02, 9.990913e+03, 9.981826e+03, 9.086787e+03, 2.849000e+00, 5.698000e+00, -2.849000e+03
5.600000e-02, 9.990913e+03, 9.981826e+03, 9.086787e+03, 2.849000e+00, 5.698000e+00, -2.849000e+03
5.700000e-02, 9.990913e+03, 9.981826e+03, 9.086787e+03, 2.849000e+00, 5.698000e+00, -2.849000e+03
5.800000e-02, 9.990913e+03, 9.981826e+03, 9.086787e+03, 2.849000e+00, 5.698000e+00, -2.849000e+03
5.900000e-02, 9.990913e+03, 9.981826e+03, 9.086787e+03, 2.849000e+00, 5.698000e+00, -2.849000e+03
6.000000e-02, 9.990913e+03, 9.981826e+03, 9.086787e+03, 2.849000e+00, 5.698000e+00, -2.849000e+03
6.100000e-02, 9.990913e+03, 9.981826e+03, 9.086787e+03, 2.849000e+00, 5.698000e+00, -2.849000e+03
6.200000e-02, 9.990913e+03, 9.981826e+03, 9.086787e+03, 2.849000e+00, 5.698000e+00, -2.849000e+03
6.300000e-02, 9.990913e+03, 9.981826e+03, 9.086787e+03, 2.849000e+00, 5.698000e+00, -2.849000e+03
6.400000e-02, 9.990913e+03, 9.981826e+03, 9.086787e+03, 2.849000e+00, 5.698000e+00, -2.849000e+03
6.500000e-02, 9.990913e+03, 9.981826e+03, 9.086787e+03, 2.849000e+00, 5.698000e+00, -2.849000e+03
6.600000e-02, 9.990913e+03, 9.981826e+03, 9.086787e+03, 2.849000e+00, 5.698000e+00, -2.849000e+03
6.700000e-02, 9.990913e+03, 9.981826e+03, 9.086787e+03, 2.849000e+00, 5.698000e+00, -2.849000e+03
6.800000e-02, 9.990913e+03, 9.981826e+03, 9.086787e+03, 2.849000e+00, 5.698000e+00, -2.849000e+03
6.900000e-02, 9.990913e+03, 9.981826e+03, 9.086787e+03, 2.849000e+00, 5.698000e+00, -2.849000e+03
7.000000e-02, 9.990913e+03, 9.981826e+03, 9.086787e+03, 2.849000e+00, 5.698000e+00, -2.849000e+03
7.100000e-02, 9.990913e+03, 9.981826e+03, 9.086787e+03, 2.849000e+00, 5.698000e+00, -2.849000e+03
7.200000e-02, 9.990913e+03, 9.981826e+03, 9.086787e+03, 2.849000e+00, 5.698000e+00, -2.849000e+03
7.300000e-02, 9.990913e+03, 9.981826e+03, 9.086787e+03, 2.849000e+00, 5.698000e+00, -2.849000e+03
7.400000e-02, 9.990913e+03, 9.981826e+03, 9.086787e+03, 2.849000e+00, 5.698000e+00, -2.849000e+03
7.500000e-02, 9.990913e+03, 9.981826e+03, 9.086787e+03, 2.849000e+00, 5.698000e+00, -2.849000e+03
7.600000e-02, 9.990913e+03, 9.981826e+03, 9.086787e+03, 2.849000e+00, 5.698000e+00, -2.849000e+03
7.700000e-02, 9.990913e+03, 9.981826e+03, 9.086787e+03, 2.849000e+00, 5.698000e+00, -2.849000e+03
7.800000e-02, 9.990913e+03, 9.981826e+03, 9.086787e+03, 2.849000e+00, 5.698000e+00, -2.849000e+03
7.900000e-02, 9.990913e+03, 9.981826e+03, 9.086787e+03, 2.849000e+00, 5.698000e+00, -2.849000e+03
8.000000e-02, 9.990913e+03, 9.981826e+03, 9.086787e+03, 2.849000e+00, 5.698000e+00, -2.849000e+03
8.100000e-02, 9.990913e+03, 9.981826e+03, 9.086787e+03, 2.849000e+00, 5.698000e+00, -2.849000e+03
8.200000e-02, 9.990913e+03, 9.981826e+03, 9.086787e+03, 2.849000e+00, 5.698000e+00, -2.849000e+03
8.300000e-02, 9.990913e+03, 9.981826e+03, 9.086787e+03, 2.849000e+00, 5.698000e+00, -2.849000e+03
8.400000e-02, 9.990913e+03, 9.981826e+03, 9.086787e+03, 2.849000e+00, 5.698000e+00, -2.849000e+03
8.500000e-02, 9.990913e+03, 9.981826e+03, 9.086787e+03, 2.849000e+00, 5.698000e+00, -2.849000e+03
8.600000e-02, 9.990913e+03, 9.981826e+03, 9.086787e+03, 2.849000e+00, 5.698000e+00, -2.849000e+03
8.700000e-02, 9.990913e+03, 9.981826e+03, 9.086787e+03, 2.849000e+00, 5.698000e+00, -2.849000e+03
8.800000e-02, 9.990913e+03, 9.981826e+03, 9.086787e+03, 2.849000e+00, 5.698000e+00, -2.849000e+03
8.900000e-02, 9.990913e+03, 9.981826e+03, 9.086787e+03, 2.849000e+00, 5.698000e+00, -2.849000e+03
9.000000e-02, 9.990913e+03, 9.981826e+03, 9.086787e+03, 2.849000e+00, 5.698000e+00, -2.849000e+03
9.100000e-02, 9.990913e+03, 9.981826e+03, 9.086787e+03, 2.849000e+00, 5.698000e+00, -2.849000e+03
9.200000e-02, 9.990913e+03, 9.981826e+03, 9.086787e+03, 2.849000e+00, 5.698000e+00, -2.849000e+03
9.300000e-02, 9.990913e+03, 9.981826e+03, 9.086787e+03, 2.849000e+00, 5.698000e+00, -2.849000e+03
9.400000e-02, 9.990913e+03, 9.981826e+03, 9.086787e+03, 2.849000e+00, 5.698000e+00, -2.849000e+03
9.500000e-02, 9.990913e+03, 9.981826e+03, 9.086787e+03, 2.849000e+00, 5.698000e+00, -2.849000e+03
9.600000e-02, 9.990913e+03, 9.981826e+03, 9.086787e+03, 2.849000e+00, 5.698000e+00, -2.849000e+03
9.700000e-02, 9.990913e+03, 9.981826e+03, 9.086787e+03, 2.849000e+00, 5.698000e+00, -2.849000e+03
9.800000e-02, 9.990913e+03, 9.981826e+03, 9.086787e+03, 2.849000e+00, 5.698000e+00, -2.849000e+03
9.900000e-02, 9.990913e+03, 9.981826e+03, 9.086787e+03, 2.849000e+00, 5.698000e+00, -2.849000e+03
1.000000e-01, 9.990913e+03, 9.981826e+03, 9.086787e+03, 2.849000e+00, 5.698000e+00, -2.849000e+03
1.010000e-01, 9.990913e+03, 9.981826e+03, 9.086787e+03, 2.849000e+00, 5.698000e+00, -2.849000e+03
1.020000e-01, 9.990913e+03, 9.981826e+03, 9.086787e+03, 2.849000e+00, 5.698000e+00, -2.849000e+03
1.030000e-01, 9.990913e+03, 9.981826e+03, 9.086787e+03, 2.849000e+00, 5.698000e+00, -2.849000e+03
1.040000e-01, 9.990913e+03, 9.981826e+03, 9.086787e+03, 2.849000e+00, 5.698000e+00, -2.849000e+03
1.050000e-01, 9.990913e+03, 9.981826e+03, 9.086787e+03, 2.849000e+00, 5.698000e+00, -2.849000e+03
1.060000e-01, 9.990913e+03, 9.981826e+03, 9.086787e+03, 2.849000e+00, 5.698000e+00, -2.849000e+03
1.070000e-01, 9.990913e+03, 9.981826e+03, 9.086787e+03, 2.849000e+00, 5.698000e+00, -2.849000e+03
1.080000e-01, 9.990913e+03, 9.981826e+03, 9.086787e+03, 2.849000e+00, 5.698000e+00, -2.849000e+03
1.090000e-01, 9.990913e+03, 9.981826e+03, 9.086787e+03, 2.849000e+00, 5.698000e+00, -2.849000e+03
1.100000e-01, 9.990913e+03, 9.981826e+03, 9.086787e+03, 2.849000e+00, 5.698000e+00, -2.849000e+03
1.110000e-01, 9.990913e+03, 9.981826e+03, 9.086787e+03, 2.849000e+00, 5.698000e+00, -2.849000e+03
1.120000e-01, 9.990913e+03, 9.981826e+03, 9.086787e+03, 2.849000e+00, 5.698000e+00, -2.849000e+03
1.130000e-01, 9.990913e+03, 9.981826e+03, 9.086787e+03, 2.849000e+00, 5.698000e+00, -2.849000e+03
1.140000e-01, 9.990913e+03, 9.981826e+03, 9.086787e+03, 2.849000e+00, 5.698000e+00, -2.849000e+03
1.150000e-01, 9.990913e+03, 9.981826e+03, 9.086787e+03, 2.849000e+00, 5.698000e+00, -2.849000e+03
1.160000e-01, 9.990913e+03, 9.981826e+03, 9.086787e+03, 2.849000e+00, 5.698000e+00, -2.849000e+03
1.170000e-01, 9.990913e+03, 9.981826e+03, 9.086787e+03, 2.849000e+00, 5.698000e+00, -2.849000e+03
1.180000e-01, 9.990913e+03, 9.981826e+03, 9.086787e+03, 2.849000e+00, 5.698000e+00, -2.849000e+03
1.190000e-01, 9.990913e+03, 9.981826e+03, 9.086787e+03, 2.849000e+00, 5.698000e+00, -2.849000e+03
1.200000e-01, 9.990913e+03, 9.981826e+03, 9.086787e+03, 2.849000e+00, 5.698000e+00, -2.849000e+03
1.210000e-01, 9.990913e+03, 9.981826e+03, 9.086787e+03, 2.849000e+00, 5.698000e+00, -2.849000e+03
1.220000e-01, 9.990913e+03, 9.981826e+03, 9.086787e+03, 2.849000e+00, 5.698000e+00, -2.849000e+03
1.230000e-01, 9.990913e+03, 9.981826e+03, 9.086787e+03, 2.849000e+00, 5.698000e+00, -2.849000e+03
1.240000e-01, 9.990913e+03, 9.981826e+03, 9.086787e+03, 2.849000e+00, 5.698000e+00, -2.849000e+03
1.250000e-01, 9.990913e+03, 9.981826e+03, 9.086787e+03, 2.849000e+00, 5.698000e+00, -2.849000e+03
1.260000e-01, 9.990913e+03, 9.981826e+03, 9.086787e+03, 2.849000e+00, 5.698000e+00, -2.849000e+03
1.270000e-01, 9.990913e+03, 9.981826e+03, 9.086787e+03, 2.849000e+00, 5.698000e+00, -2.849000e+03
1.280000e-01, 9.990913e+03, 9.981826e+03, 9.086787e+03, 2.849000e+00, 5.698000e+00, -2.849000e+03
1.290000e-01, 9.990913e+03, 9.981826e+03, 9.086787e+03, 2.849000e+00, 5.698000e+00, -2.849000e+03
1.300000e-01, 9.990913e+03, 9.981826e+03, 9.086787e+03, 2.849000e+00, 5.698000e+00, -2.849000e+03
1.310000e-01, 9.990913e+03, 9.981826e+03, 9.086787e+03, 2.849000e+00, 5.698000e+00, -2.849000e+03
1.320000e-01, 9.990913e+03, 9.981826e+03, 9.086787e+03, 2.849000e+00, 5.698000e+00, -2.849000e+03
1.330000e-01, 9.990913e+03, 9.981826e+03, 9.086787e+03, 2.849000e+00, 5.698000e+00, -2.849000e+03
1.340000e-01, 9.990913e+03, 9.981826e+03, 9.086787e+03, 2.849000e+00, 5.698000e+00, -2.849000e+03
1.350000e-01, 9.990913e+03, 9.981826e+03, 9.086787e+03, 2.849000e+00, 5.698000e+00, -2.849000e+03
1.360000e-01, 9.990913e+03, 9.981826e+03, 9.086787e+03, 2.849000e+00, 5.698000e+00, -2.849000e+03
1.370000e-01, 9.990913e+03, 9.981826e+03, 9.086787e+03, 2.849000e+00, 5.698000e+00, -2.849000e+03
1.380000e-01, 9.990913e+03, 9.981826e+03, 9.086787e+03, 2.849000e+00, 5.698000e+00, -2.849000e+03
1.390000e-01, 9.990913e+03, 9.981826e+03, 9.086787e+03, 2.849000e+00, 5.698000e+00, -2.849000e+03
1.400000e-01, 9.990913e+03, 9.981826e+03, 9.086787e+03, 2.849000e+00, 5.698000e+00, -2.849000e+03
1.410000e-01, 9.990913e+03, 9.981826e+03, 9.086787e+03, 2.849000e+00, 5.698000e+00, -2.849000e+03
1.420000e-01, 9.990913e+03, 9.981826e+03, 9.086787e+03, 2.849000e+00, 5.698000e+00, -2.849000e+03
1.430000e-01, 9.990913e+03, 9.981826e+03, 9.086787e+03, 2.849000e+00, 5.698000e+00, -2.849000e+03
1.440000e-01, 9.990913e+03, 9.981826e+03, 9.086787e+03, 2.849000e+00, 5.698000e+00, -2.849000e+03
1.450000e-01, 9.990913e+03, 9.981826e+03, 9.086787e+03, 2.849000e+00, 5.698000e+00, -2.849000e+03
1.460000e-01, 9.990913e+03, 9.981826e+03, 9.086787e+03, 2.849000e+00, 5.698000e+00, -2.849000e+03
1.470000e-01, 9.990913e+03, 9.981826e+03, 9.086787e+03, 2.849000e+00, 5.698000e+00, -2.849000e+03
1.480000e-01, 9.990913e+03, 9.981826e+03, 9.086787e+03, 2.849000e+00, 5.698000e+00, -2.849000e+03
1.490000e-01, 9.990913e+03, 9.981826e+03, 9.086787e+03, 2.849000e+00, 5.698000e+00, -2.849000e+03
1.500000e-01, 9.990913e+03, 9.981826e+03, 9.086787e+03, 2.849000e+00, 5.698000e+00, -2.849000e+03
1.510000e-01, 9.990913e+03, 9.981826e+03, 9.086787e+03, 2.849000e+00, 5.698000e+00, -2.849000e+03
1.520000e-01, 9.990913e+03, 9.981826e+03, 9.086787e+03, 2.849000e+00, 5.698000e+00, -2.849000e+03
1.530000e-01, 9.990913e+03, 9.981826e+03, 9.086787e+03, 2.849000e+00, 5.698000e+00, -2.849000e+03
1.540000e-01, 9.990913e+03, 9.981826e+03, 9.086787e+03, 2.849000e+00, 5.698000e+00, -2.849000e+03
1.550000e-01, 9.990913e+03, 9.981826e+03, 9.086787e+03, 2.849000e+00, 5.698000e+00, -2.849000e+03
1.560000e-01, 9.990913e+03, 9.981826e+03, 9.086787e+03, 2.849000e+00, 5.698000e+00, -2.849000e+03
1.570000e-01, 9.990913e+03, 9.981826e+03, 9.086787e+03, 2.849000e+00, 5.698000e+00, -2.849000e+03
1.580000e-01, 9.990913e+03, 9.981826e+03, 9.086787e+03, 2.849000e+00, 5.698000e+00, -2.849000e+03
1.590000e-01, 9.990913e+03, 9.981826e+03, 9.086787e+03, 2.849000e+00, 5.698000e+00, -2.849000e+03
1.600000e-01, 9.990913e+03, 9.981826e+03, 9.086787e+03, 2.849000e+00, 5.698000e+00, -2.849000e+03
1.610000e-01, 9.990913e+03, 9.981826e+03, 9.086787e+03, 2.849000e+00, 5.698000e+00, -2.849000e+03
1.620000e-01, 9.990913e+03, 9.981826e+03, 9.086787e+03, 2.849000e+00, 5.698000e+00, -2.849000e+03
1.630000e-01, 9.990913e+03, 9.981826e+03, 9.086787e+03, 2.849000e+00, 5.698000e+00, -2.849000e+03
1.640000e-01, 9.990913e+03, 9.981826e+03, 9.086787e+03, 2.849000e+00, 5.698000e+00, -2.849000e+03
1.650000e-01, 9.990913e+03, 9.981826e+03, 9.086787e+03, 2.849000e+00, 5.698000e+00, -2.849000e+03
1.660000e-01, 9.990913e+03, 9.981826e+03, 9.086787e+03, 2.849000e+00, 5.698000e+00, -2.849000e+03
1.670000e-01, 9.990913e+03, 9.981826e+03, 9.086787e+03, 2.849000e+00, 5.698000e+00, -2.849000e+03
1.680000e-01, 9.990913e+03, 9.981826e+03, 9.086787e+03, 2.849000e+00, 5.698000e+00, -2.849000e+03
1.690000e-01, 9.990913e+03, 9.981826e+03, 9.086787e+03, 2.849000e+00, 5.698000e+00, -2.849000e+03
1.700000e-01, 9.990913e+03, 9.981826e+03, 9.086787e+03, 2.849000e+00, 5.698000e+00, -2.849000e+03
1.710000e-01, 9.990913e+03, 9.981826e+03, 9.086787e+03, 2.849000e+00, 5.698000e+00, -2.849000e+03
1.720000e-01, 9.990913e+03, 9.981826e+03, 9.086787e+03, 2.849000e+00, 5.698000e+00, -2.849000e+03
1.730000e-01, 9.990913e+03, 9.981826e+03, 9.086787e+03, 2.849000e+00, 5.698000e+00, -2.849000e+03
1.740000e-01, 9.990913e+03, 9.981826e+03, 9.086787e+03, 2.849000e+00, 5.698000e+00, -2.849000e+03
1.750000e-01, 9.990913e+03, 9.981826e+03, 9.086787e+03, 2.849000e+00, 5.698000e+00, -2.849000e+03
1.760000e-01, 9.990913e+03, 9.981826e+03, 9.086787e+03, 2.849000e+00, 5.698000e+00, -2.849000e+03
1.770000e-01, 9.990913e+03, 9.981826e+03, 9.086787e+03, 2.849000e+00, 5.698000e+00, -2.849000e+03
1.780000e-01, 9.990913e+03, 9.981826e+03, 9.086787e+03, 2.849000e+00, 5.698000e+00, -2.849000e+03
1.790000e-01, 9.990913e+03, 9.981826e+03, 9.086787e+03, 2.849000e+00, 5.698000e+00, -2.849000e+03
1.800000e-01, 9.990913e+03, 9.981826e+03, 9.086787e+03, 2.849000e+00, 5.698000e+00, -2.849000e+03
1.810000e-01, 9.990913e+03, 9.981826e+03, 9.086787e+03, 2.849000e+00, 5.698000e+00, -2.849000e+03
1.820000e-01, 9.990913e+03, 9.981826e+03, 9.086787e+03, 2.849000e+00, 5.698000e+00, -2.849000e+03
1.830000e-01, 9.990913e+03, 9.981826e+03, 9.086787e+03, 2.849000e+00, 5.698000e+00, -2.849000e+03
1.840000e-01, 9.990913e+03, 9.981826e+03, 9.086787e+03, 2.849000e+00, 5.698000e+00, -2.849000e+03
1.850000e-01, 9.990913e+03, 9.981826e+03, 9.086787e+03, 2.849000e+00, 5.698000e+00, -2.849000e+03
1.860000e-01, 9.990913e+03, 9.981826e+03, 9.086787e+03, 2.849000e+00, 5.698000e+00, -2.849000e+03
1.870000e-01, 9.990913e+03, 9.981826e+03, 9.086787e+03, 2.849000e+00, 5.698000e+00, -2.849000e+03
1.880000e-01, 9.990913e+03, 9.981826e+03, 9.086787e+03, 2.849000e+00, 5.698000e+00, -2.849000e+03
1.890000e-01, 9.990913e+03, 9.981826e+03, 9.086787e+03, 2.849000e+00, 5.698000e+00, -2.849000e+03
1.900000e-01, 9.990913e+03, 9.981826e+03, 9.086787e+03, 2.849000e+00, 5.698000e+00, -2.849000e+03
1.910000e-01, 9.990913e+03, 9.981826e+03, 9.086787e+03, 2.849000e+00, 5.698000e+00, -2.849000e+03
1.920000e-01, 9.990913e+03, 9.981826e+03, 9.086787e+03, 2.849000e+00, 5.698000e+00, -2.849000e+03
1.930000e-01, 9.990913e+03, 9.981826e+03, 9.086787e+03, 2.849000e+00, 5.698000e+00, -2.849000e+03
1.940000e-01, 9.990913e+03, 9.981826e+03, 9.086787e+03, 2.849000e+00, 5.698000e+00, -2.849000e+03
1.950000e-01, 9.990913e+03, 9.981826e+03, 9.086787e+03, 2.849000e+00, 5.698000e+00, -2.849000e+03
1.960000e-01, 9.990913e+03, 9.981826e+03, 9.086787e+03, 2.849000e+00, 5.698000e+00, -2.849000e+03
1.970000e-01, 9.990913e+03, 9.981826e+03, 9.086787e+03, 2.849000e+00, 5.698000e+00, -2.849000e+03
1.980000e-01, 9.990913e+03, 9.981826e+03, 9.086787e+03, 2.849000e+00, 5.698000e+00, -2.849000e+03
1.990000e-01, 9.990913e+03, 9.981826e+03, 9.086787e+03, 2.849000e+00, 5.698000e+00, -2.849000e+03
2.000000e-01, 9.990913e+03, 9.981826e+03, 9.086787e+03, 2.849000e+00, 5.698000e+00, -2.849000e+03
2.010000e-01, 9.990913e+03, 9.981826e+03, 9.086787e+03, 2.849000e+00, 5.698000e+00, -2.849000e+03
2.020000e-01, 9.990913e+03, 9.981826e+03, 9.086787e+03, 2.849000e+00, 5.698000e+00, -2.849000e+03
2.030000e-01, 9.990913e+03, 9.981826e+03, 9.086787e+03, 2.849000e+00, 5.698000e+00, -2.849000e+03
2.040000e-01, 9.990913e+03, 9.981826e+03, 9.086787e+03, 2.849000e+00, 5.698000e+00, -2.849000e+03
2.050000e-01, 9.990913e+03, 9.981826e+03, 9.086787e+03, 2.849000e+00, 5.698000e+00, -2.849000e+03
2.060000e-01, 9.990913e+03, 9.981826e+03, 9.086787e+03, 2.849000e+00, 5.698000e+00, -2.849000e+03
2.070000e-01, 9.990913e+03, 9.981826e+03, 9.086787e+03, 2.849000e+00, 5.698000e+00, -2.849000e+03
2.080000e-01, 9.990913e+03, 9.981826e+03, 9.086787e+03, 2.849000e+00, 5.698000e+00, -2.849000e+03
2.090000e-01, 9.990913e+03, 9.981826e+03, 9.086787e+03, 2.849000e+00, 5.698000e+00, -2.849000e+03
2.100000e-01, 9.990913e+03, 9.981826e+03, 9.086787e+03, 2.849000e+00, 5.698000e+00, -2.849000e+03
2.110000e-01, 9.990913e+03, 9.981826e+03, 9.086787e+03, 2.849000e+00, 5.698000e+00, -2.849000e+03
2.120000e-01, 9.990913e+03, 9.981826e+03, 9.086787e+03, 2.849000e+00, 5.698000e+00, -2.849000e+03
2.130000e-01, 9.990913e+03, 9.981826e+03, 9.086787e+03, 2.849000e+00, 5.698000e+00, -2.849000e+03
2.140000e-01, 9.990913e+03, 9.981826e+03, 9.086787e+03, 2.849000e+00, 5.698000e+00, -2.849000e+03
2.150000e-01, 9.990913e+03, 9.981826e+03, 9.086787e+03, 2.849000e+00, 5.698000e+00, -2.849000e+03
2.160000e-01, 9.990913e+03, 9.981826e+03, 9.086787e+03, 2.849000e+00, 5.698000e+00, -2.849000e+03
2.170000e-01, 9.990913e+03, 9.981826e+03, 9.086787e+03, 2.849000e+00, 5.698000e+00, -2.849000e+03
2.180000e-01, 9.990913e+03, 9.981826e+03, 9.086787e+03, 2.849000e+00, 5.698000e+00, -2.849000e+03
2.190000e-01, 9.990913e+03, 9.981826e+03, 9.086787e+03, 2.849000e+00, 5.698000e+00, -2.849000e+03
2.200000e-01, 9.990913e+03, 9.981826e+03, 9.086787e+03, 2.849000e+00, 5.698000e+00, -2.849000e+03
2.210000e-01, 9.990913e+03, 9.981826e+03, 9.086787e+03, 2.849000e+00, 5.698000e+00, -2.849000e+03
2.220000e-01, 9.990913e+03, 9.981826e+03, 9.086787e+03, 2.849000e+00, 5.698000e+00, -2.849000e+03
2.230000e-01, 9.990913e+03, 9.981826e+03, 9.086787e+03, 2.849000e+00, 5.698000e+00, -2.849000e+03
2.240000e-01, 9.990913e+03, 9.981826e+03, 9.086787e+03, 2.849000e+00, 5.698000e+00, -2.849000e+03
2.250000e-01, 9.990913e+03, 9.981826e+03, 9.086787e+03, 2.849000e+00, 5.698000e+00, -2.849000e+03
2.260000e-01, 9.990913e+03, 9.981826e+03, 9.086787e+03, 2.849000e+00, 5.698000e+00, -2.849000e+03
2.270000e-01, 9.990913e+03, 9.981826e+03, 9.086787e+03, 2.849000e+00, 5.698000e+00, -2.849000e+03
2.280000e-01, 9.990913e+03, 9.981826e+03, 9.086787e+03, 2.849000e+00, 5.698000e+00, -2.849000e+03
2.290000e-01, 9.990913e+03, 9.981826e+03, 9.086787e+03, 2.849000e+00, 5.698000e+00, -2.849000e+03
2.300000e-01, 9.990913e+03, 9.981826e+03, 9.086787e+03, 2.849000e+00, 5.698000e+00, -2.849000e+03
2.310000e-01, 9.990913e+03, 9.981826e+03, 9.086787e+03, 2.849000e+00, 5.698000e+00, -2.849000e+03
2.320000e-01, 9.990913e+03, 9.981826e+03, 9.086787e+03, 2.849000e+00, 5.698000e+00, -2.849000e+03
2.330000e-01, 9.990913e+03, 9.981826e+03, 9.086787e+03, 2.849000e+00, 5.698000e+00, -2.849000e+03
2.340000e-01, 9.990913e+03, 9.981826e+03, 9.086787e+03, 2.849000e+00, 5.698000e+00, -2.849000e+03
2.350000e-01, 9.990913e+03, 9.981826e+03, 9.086787e+03, 2.849000e+00, 5.698000e+00, -2.849000e+03
2.360000e-01, 9.990913e+03, 9.981826e+03, 9.086787e+03, 2.849000e+00, 5.698000e+00, -2.849000e+03
2.370000e-01, 9.990913e+03, 9.981826e+03, 9.086787e+03, 2.849000e+00, 5.698000e+00, -2.849000e+03
2.380000e-01, 9.990913e+03, 9.981826e+03, 9.086787e+03, 2.849000e+00, 5.698000e+00, -2.849000e+03
2.390000e-01, 9.990913e+03, 9.981826e+03, 9.086787e+03, 2.849000e+00, 5.698000e+00, -2.849000e+03
2.400000e-01, 9.990913e+03, 9.981826e+03, 9.086787e+03, 2.849000e+00, 5.698000e+00, -2.849000e+03
2.410000e-01, 9.990913e+03, 9.981826e+03, 9.086787e+03, 2.849000e+00, 5.698000e+00, -2.849000e+03
2.420000e-01, 9.990913e+03, 9.981826e+03, 9.086787e+03, 2.849000e+00, 5.698000e+00, -2.849000e+03
2.430000e-01, 9.990913e+03, 9.981826e+03, 9.086787e+03, 2.849000e+00, 5.698000e+00, -2.849000e+03
2.440000e-01, 9.990913e+03, 9.981826e+03, 9.086787e+03, 2.849000e+00, 5.698000e+00, -2.849000e+03
2.450000e-01, 9.990913e+03, 9.981826e+03, 9.086787e+03, 2.849000e+00, 5.698000e+00, -2.849000e+03
2.460000e-01, 9.990913e+03, 9.981826e+03, 9.086787e+03, 2.849000e+00, 5.698000e+00, -2.849000e+03
2.470000e-01, 9.990913e+03, 9.981826e+03, 9.086787e+03, 2.849000e+00, 5.698000e+00, -2.849000e+03
2.480000e-01, 9.990913e+03, 9.981826e+03, 9.086787e+03, 2.849000e+00, 5.698000e+00, -2.849000e+03
2.490000e-01, 9.990913e+03, 9.981826e+03, 9.086787e+03, 2.849000e+00, 5.698000e+00, -2.849000e+03
2.500000e-01, 9.990913e+03, 9.981826e+03, 9.086787e+03, 2.849000e+00, 5.698000e+00, -2.849000e+03
2.510000e-01, 9.990913e+03, 9.981826e+03, 9.086787e+03, 2.849000e+00, 5.698000e+00, -2.849000e+03
2.520000e-01, 9.990913e+03, 9.981826e+03, 9.086787e+03, 2.849000e+00, 5.698000e+00, -2.849000e+03
2.530000e-01, 9.990913e+03, 9.981826e+03, 9.086787e+03, 2.849000e+00, 5.698000e+00, -2.849000e+03
2.540000e-01, 9.990913e+03, 9.981826e+03, 9.086787e+03, 2.849000e+00, 5.698000e+00, -2.849000e+03
2.550000e-01, 9.990913e+03, 9.981826e+03, 9.086787e+03, 2.849000e+00, 5.698000e+00, -2.849000e+03
2.560000e-01, 9.990913e+03, 9.981826e+03, 9.086787e+03, 2.849000e+00, 5.698000e+00, -2.849000e+03
2.570000e-01, 9.990913e+03, 9.981826e+03, 9.086787e+03, 2.849000e+00, 5.698000e+00, -2.849000e+03
2.580000e-01, 9.990913e+03, 9.981826e+03, 9.086787e+03, 2.849000e+00, 5.698000e+00, -2.849000e+03
2.590000e-01, 9.990913e+03, 9.981826e+03, 9.086787e+03, 2.849000e+00, 5.698000e+00, -2.849000e+03
2.600000e-01, 9.990913e+03, 9.981826e+03, 9.086787e+03, 2.849000e+00, 5.698000e+00, -2.849000e+03
2.610000e-01, 9.990913e+03, 9.981826e+03, 9.086787e+03, 2.849000e+00, 5.698000e+00, -2.849000e+03
2.620000e-01, 9.990913e+03, 9.981826e+03, 9.086787e+03, 2.849000e+00, 5.698000e+00, -2.849000e+03
2.630000e-01, 9.990913e+03, 9.981826e+03, 9.086787e+03, 2.849000e+00, 5.698000e+00, -2.849000e+03
2.640000e-01, 9.990913e+03, 9.981826e+03, 9.086787e+03, 2.849000e+00, 5.698000e+00, -2.849000e+03
2.650000e-01, 9.990913e+03, 9.981826e+03, 9.086787e+03, 2.849000e+00, 5.698000e+00, -2.849000e+03
2.660000e-01, 9.990913e+03, 9.981826e+03, 9.086787e+03, 2.849000e+00, 5.698000e+00, -2.849000e+03
2.670000e-01, 9.990913e+03, 9.981826e+03, 9.086787e+03, 2.849000e+00, 5.698000e+00, -2.849000e+03
2.680000e-01, 9.990913e+03, 9.981826e+03, 9.086787e+03, 2.849000e+00, 5.698000e+00, -2.849000e+03
2.690000e-01, 9.990913e+03, 9.981826e+03, 9.086787e+03, 2.849000e+00, 5.698000e+00, -2.849000e+03
2.700000e-01, 9.990913e+03, 9.981826e+03, 9.086787e+03, 2.849000e+00, 5.698000e+00, -2.849000e+03
2.710000e-01, 9.990913e+03, 9.981826e+03, 9.086787e+03, 2.849000e+00, 5.698000e+00, -2.849000e+03
2.720000e-01, 9.990913e+03, 9.981826e+03, 9.086787e+03, 2.849000e+00, 5.698000e+00, -2.849000e+03
2.730000e-01, 9.990913e+03, 9.981826e+03, 9.086787e+03, 2.849000e+00, 5.698000e+00, -2.849000e+03
2.740000e-01, 9.990913e+03, 9.981826e+03, 9.086787e+03, 2.849000e+00, 5.698000e+00, -2.849000e+03
2.750000e-01, 9.990913e+03, 9.981826e+03, 9.086787e+03, 2.849000e+00, 5.698000e+00, -2.849000e+03
2.760000e-01, 9.990913e+03, 9.981826e+03, 9.086787e+03, 2.849000e+00, 5.698000e+00, -2.849000e+03
2.770000e-01, 9.990913e+03, 9.981826e+03, 9.086787e+03, 2.849000e+00, 5.698000e+00, -2.849000e+03
2.780000e-01, 9.990913e+03, 9.981826e+03, 9.086787e+03, 2.849000e+00, 5.698000e+00, -2.849000e+03
2.790000e-01, 9.990913e+03, 9.981826e+03, 9.086787e+03, 2.849000e+00, 5.698000e+00, -2.849000e+03
2.800000e-01, 9.990913e+03, 9.981826e+03, 9.086787e+03, 2.849000e+00, 5.698000e+00, -2.849000e+03
2.810000e-01, 9.990913e+03, 9.981826e+03, 9.086787e+03, 2.849000e+00, 5.698000e+00, -2.849000e+03
2.820000e-01, 9.990913e+03, 9.981826e+03, 9.086787e+03, 2.849000e+00, 5.698000e+00, -2.849000e+03
2.830000e-01, 9.990913e+03, 9.981826e+03, 9.086787e+03, 2.849000e+00, 5.698000e+00, -2.849000e+03
2.840000e-01, 9.990913e+03, 9.981826e+03, 9.086787e+03, 2.849000e+00, 5.698000e+00, -2.849000e+03
2.850000e-01, 9.990913e+03, 9.981826e+03, 9.086787e+03, 2.849000e+00, 5.698000e+00, -2.849000e+03
2.860000e-01, 9.990913e+03, 9.981826e+03, 9.086787e+03, 2.849000e+00, 5.698000e+00, -2.849000e+03
2.870000e-01, 9.990913e+03, 9.981826e+03, 9.086787e+03, 2.849000e+00, 5.698000e+00, -2.849000e+03
2.880000e-01, 9.990913e+03, 9.981826e+03, 9.086787e+03, 2.849000e+00, 5.698000e+00, -2.849000e+03
2.890000e-01, 9.990913e+03, 9.981826e+03, 9.086787e+03, 2.849000e+00, 5.698000e+00, -2.849000e+03
2.900000e-01, 9.990913e+03, 9.981826e+03, 9.086787e+03, 2.849000e+00, 5.698000e+00, -2.849000e+03
2.910000e-01, 9.990913e+03, 9.981826e+03, 9.086787e+03, 2.849000e+00, 5.698000e+00, -2.849000e+03
2.920000e-01, 9.990913e+03, 9.981826e+03, 9.086787e+03, 2.849000e+00, 5.698000e+00, -2.849000e+03
2.930000e-01, 9.990913e+03, 9.981826e+03, 9.086787e+03, 2.849000e+00, 5.698000e+00, -2.849000e+03
2.940000e-01, 9.990913e+03, 9.981826e+03, 9.086787e+03, 2.849000e+00, 5.698000e+00, -2.849000e+03
2.950000e-01, 9.990913e+03, 9.981826e+03, 9.086787e+03, 2.849000e+00, 5.698000e+00, -2.849000e+03
2.960000e-01, 9.990913e+03, 9.981826e+03, 9.086787e+03, 2.849000e+00, 5.698000e+00, -2.849000e+03
2.970000e-01, 9.990913e+03, 9.981826e+03, 9.086787e+03, 2.849000e+00, 5.698000e+00, -2.849000e+03
2.980000e-01, 9.990913e+03, 9.981826e+03, 9.086787e+03, 2.849000e+00, 5.698000e+00, -2.849000e+03
2.990000e-01, 9.990913e+03, 9.981826e+03, 9.086787e+03, 2.849000e+00, 5.698000e+00, -2.849000e+03
3.000000e-01, 9.990913e+03, 9.981826e+03, 9.086787e+03, 2.849000e+00, 5.698000e+00, -2.849000e+03
